{
  "multimodal_fusion": {
    "summary": {
      "accuracy": 0.5108,
      "precision": 0.4485,
      "recall": 0.5108,
      "f1": 0.4682,
      "evaluated_samples": 417
    },
    "epoch_loss": [
      1.948829725140431,
      1.5448843807470602,
      1.2528462541885064,
      0.8874660285769916,
      0.5224821682347626
    ],
    "epoch_accuracy": [
      0.4481691593604951,
      0.5353274883960805,
      0.6111397627643115,
      0.7328519855595668,
      0.8452810727178959
    ],
    "class_names": [
      "atherosclerosis",
      "calcinosis",
      "cardiomegaly",
      "degenerative",
      "effusion",
      "emphysema",
      "fracture",
      "granulomatous",
      "hyperdistention",
      "hypoinflation",
      "nodule",
      "normal",
      "opacity",
      "pneumonia",
      "tortuous"
    ],
    "confusion_matrix": [
      [
        0,
        0,
        1,
        2,
        0,
        0,
        0,
        0,
        2,
        0,
        0,
        1,
        0,
        0,
        1
      ],
      [
        0,
        0,
        0,
        2,
        0,
        0,
        0,
        0,
        0,
        0,
        0,
        5,
        2,
        0,
        2
      ],
      [
        0,
        0,
        19,
        1,
        0,
        0,
        0,
        0,
        2,
        3,
        0,
        4,
        12,
        0,
        2
      ],
      [
        0,
        0,
        1,
        7,
        0,
        0,
        0,
        0,
        2,
        2,
        0,
        23,
        3,
        0,
        2
      ],
      [
        0,
        0,
        1,
        0,
        1,
        0,
        0,
        0,
        0,
        0,
        0,
        2,
        7,
        0,
        0
      ],
      [
        0,
        0,
        0,
        0,
        0,
        0,
        0,
        0,
        0,
        0,
        0,
        1,
        0,
        0,
        0
      ],
      [
        0,
        0,
        1,
        1,
        0,
        0,
        0,
        0,
        0,
        0,
        0,
        1,
        1,
        0,
        0
      ],
      [
        0,
        0,
        0,
        1,
        0,
        0,
        0,
        0,
        3,
        0,
        0,
        1,
        0,
        0,
        0
      ],
      [
        0,
        0,
        0,
        0,
        0,
        0,
        0,
        0,
        9,
        0,
        0,
        7,
        2,
        0,
        1
      ],
      [
        0,
        0,
        2,
        1,
        0,
        0,
        0,
        0,
        1,
        3,
        0,
        10,
        10,
        0,
        0
      ],
      [
        0,
        0,
        0,
        1,
        0,
        0,
        0,
        0,
        0,
        0,
        0,
        2,
        0,
        0,
        0
      ],
      [
        0,
        1,
        1,
        9,
        1,
        0,
        0,
        0,
        6,
        2,
        0,
        145,
        6,
        0,
        3
      ],
      [
        0,
        0,
        1,
        2,
        0,
        0,
        0,
        0,
        6,
        2,
        0,
        11,
        21,
        0,
        3
      ],
      [
        0,
        0,
        0,
        0,
        0,
        0,
        0,
        0,
        0,
        0,
        0,
        6,
        3,
        0,
        0
      ],
      [
        0,
        0,
        3,
        3,
        0,
        0,
        0,
        0,
        0,
        3,
        0,
        4,
        3,
        0,
        1
      ]
    ],
    "class_support": [
      7,
      11,
      43,
      40,
      11,
      1,
      4,
      5,
      19,
      27,
      3,
      174,
      46,
      9,
      17
    ]
  }
}